{
  "context": {
    "n_bonded_profiles": 58,
    "honest_cjs_per_day": 100
  },
  "mitigation": {
    "target_makers_per_coinjoin": 8,
    "target_mixdepths": 5,
    "series": {
      "baseline": {
        "evil_fractions": [
          0.0,
          0.1,
          0.2,
          0.3,
          0.4,
          0.6,
          0.8
        ],
        "deanon": [
          0.0,
          0.039823,
          0.198444,
          0.245042,
          0.319079,
          0.47,
          0.739362
        ],
        "mean_anon_set": [
          9.0,
          4.115044,
          2.67834,
          2.450425,
          2.235197,
          1.84,
          1.31383
        ]
      },
      "max_utxos_3": {
        "evil_fractions": [
          0.0,
          0.1,
          0.2,
          0.3,
          0.4,
          0.6,
          0.8
        ],
        "deanon": [
          0.0,
          0.0,
          0.0,
          0.0,
          0.0,
          0.0,
          0.0
        ],
        "mean_anon_set": [
          9.0,
          9.0,
          8.98212,
          8.997135,
          8.996599,
          8.9925,
          8.956522
        ]
      },
      "combined_full": {
        "evil_fractions": [
          0.0,
          0.1,
          0.2,
          0.3,
          0.4,
          0.6,
          0.8
        ],
        "deanon": [
          0.0,
          0.0,
          0.0,
          0.0,
          0.0,
          0.0,
          0.0
        ],
        "mean_anon_set": [
          9.0,
          9.0,
          9.0,
          9.0,
          9.0,
          9.0,
          9.0
        ]
      }
    }
  },
  "longrun": {
    "target_fee_sats": 500,
    "series": {
      "baseline": {
        "evil_fractions": [
          0.1,
          0.2,
          0.4,
          0.6
        ],
        "deanon": [
          0.350265,
          0.730543,
          0.79214,
          0.91946
        ],
        "mean_anon_set": [
          2.081493,
          1.339941,
          1.246184,
          1.081041
        ]
      },
      "recommended": {
        "evil_fractions": [
          0.1,
          0.2,
          0.4,
          0.6
        ],
        "deanon": [
          0.0,
          0.0,
          0.0,
          0.0
        ],
        "mean_anon_set": [
          9.0,
          9.0,
          9.0,
          9.0
        ]
      }
    }
  },
  "daily_intensity": {
    "series": {
      "baseline": {
        "probes_per_day": [
          1.0,
          2.0,
          5.0,
          10.0,
          20.0,
          50.0
        ],
        "deanon": [
          0.696429,
          0.814286,
          0.852857,
          0.889286,
          0.921429,
          0.967143
        ],
        "daily_cost_btc": [
          0.0005,
          0.001,
          0.0025,
          0.005,
          0.01,
          0.025
        ]
      },
      "recommended": {
        "probes_per_day": [
          1.0,
          2.0,
          5.0,
          10.0,
          20.0,
          50.0
        ],
        "deanon": [
          0.0,
          0.0,
          0.0,
          0.0,
          0.0,
          0.0
        ],
        "daily_cost_btc": [
          0.0005,
          0.001,
          0.0025,
          0.005,
          0.01,
          0.025
        ]
      }
    }
  },
  "recovery": {
    "target_probes_per_day": 20,
    "series": {
      "baseline": {
        "days": [
          0.0,
          1.0,
          2.0,
          3.0,
          4.0,
          5.0,
          6.0,
          7.0,
          8.0,
          9.0,
          10.0,
          11.0,
          12.0,
          13.0,
          14.0,
          15.0,
          16.0,
          17.0,
          18.0,
          19.0,
          20.0,
          21.0,
          22.0,
          23.0,
          24.0,
          25.0,
          26.0,
          27.0,
          28.0,
          29.0,
          30.0,
          31.0,
          32.0,
          33.0,
          34.0,
          35.0,
          36.0,
          37.0,
          38.0,
          39.0,
          40.0,
          41.0,
          42.0,
          43.0
        ],
        "deanon": [
          1.0,
          1.0,
          1.0,
          0.97,
          0.9,
          0.89,
          0.91,
          0.91,
          0.84,
          0.86,
          0.84,
          0.77,
          0.82,
          0.83,
          0.57,
          0.44,
          0.07,
          0.1,
          0.07,
          0.07,
          0.02,
          0.0,
          0.03,
          0.01,
          0.0,
          0.01,
          0.0,
          0.0,
          0.0,
          0.0,
          0.0,
          0.01,
          0.0,
          0.01,
          0.0,
          0.0,
          0.0,
          0.0,
          0.0,
          0.0,
          0.0,
          0.0,
          0.01,
          0.0
        ],
        "known_live": [
          0.200799,
          0.18,
          0.131255,
          0.128107,
          0.137359,
          0.119246,
          0.126403,
          0.122064,
          0.122083,
          0.114803,
          0.12748,
          0.137164,
          0.134124,
          0.129123,
          0.118785,
          0.110509,
          0.102898,
          0.09659,
          0.091211,
          0.08594,
          0.081247,
          0.077456,
          0.074055,
          0.070932,
          0.067776,
          0.06509,
          0.062528,
          0.060293,
          0.058299,
          0.056399,
          0.054636,
          0.052844,
          0.051266,
          0.049738,
          0.04831,
          0.04693,
          0.045833,
          0.044706,
          0.043378,
          0.042388,
          0.041396,
          0.040421,
          0.039402,
          0.038533
        ],
        "attack_end_day": 14,
        "recovery_day_deanon_le_5pct": 20,
        "recovery_day_known_live_le_10pct": 17
      },
      "recommended": {
        "days": [
          0.0,
          1.0,
          2.0,
          3.0,
          4.0,
          5.0,
          6.0,
          7.0,
          8.0,
          9.0,
          10.0,
          11.0,
          12.0,
          13.0,
          14.0,
          15.0,
          16.0,
          17.0,
          18.0,
          19.0,
          20.0,
          21.0,
          22.0,
          23.0,
          24.0,
          25.0,
          26.0,
          27.0,
          28.0,
          29.0,
          30.0,
          31.0,
          32.0,
          33.0,
          34.0,
          35.0,
          36.0,
          37.0,
          38.0,
          39.0,
          40.0,
          41.0,
          42.0,
          43.0
        ],
        "deanon": [
          0.0,
          0.0,
          0.0,
          0.0,
          0.0,
          0.0,
          0.0,
          0.0,
          0.0,
          0.0,
          0.0,
          0.0,
          0.0,
          0.0,
          0.0,
          0.0,
          0.0,
          0.0,
          0.0,
          0.0,
          0.0,
          0.0,
          0.0,
          0.0,
          0.0,
          0.0,
          0.0,
          0.0,
          0.0,
          0.0,
          0.0,
          0.0,
          0.0,
          0.0,
          0.0,
          0.0,
          0.0,
          0.0,
          0.0,
          0.0,
          0.0,
          0.0,
          0.0,
          0.0
        ],