{
  "kpis": {
    "n_corpus_txs": 63686,
    "total_volume_btc": 392390.12390648,
    "n_clusters": 48,
    "n_change_outputs": 230702,
    "n_analysed": 17071,
    "n_full_deanon": 1,
    "frac_full_deanon": 5.8578876457149553e-05,
    "frac_anonset_ge5": 0.952199636810966,
    "frac_anonset_ge4": 0.9879913303262844,
    "frac_anonset_ge3": 0.9987698435943999,
    "frac_no_reduction": 0.4606642844590241,
    "frac_any_reduction": 0.5393357155409759,
    "mean_reduction_ratio": 0.111,
    "deanon_status": "complete",
    "probing_baseline_evil_04": 0.639501,
    "probing_recommended_evil_04": 0.31087,
    "probing_baseline_10ppd": 0.847,
    "probing_daily_cost_btc": 0.005
  },
  "pages": [
    "docs/index.html",
    "docs/mainnet-deanon.html",
    "docs/probing-attack.html"
  ]
}